model,view,n,accuracy,precision,recall,f1,fpr,fnr
c202236235762e1c871ad0ccb60c8ee5ba337b9a,benign_replacement,9,0.8888888888888888,1.0,0.75,0.8571428571428571,0.0,0.25
c202236235762e1c871ad0ccb60c8ee5ba337b9a,keywords_only,10,0.8,1.0,0.6,0.75,0.0,0.4
c202236235762e1c871ad0ccb60c8ee5ba337b9a,mask_suspicious_cues,9,0.8888888888888888,0.8,1.0,0.8888888888888888,0.2,0.0
c202236235762e1c871ad0ccb60c8ee5ba337b9a,original,9,0.8888888888888888,1.0,0.75,0.8571428571428571,0.0,0.25
