model,comparison,view,delta_accuracy,delta_precision,delta_recall,delta_f1,delta_fpr,delta_fnr
c202236235762e1c871ad0ccb60c8ee5ba337b9a,original_minus_mask_suspicious_cues,mask_suspicious_cues,0.1410967549074965,0.25689979868822654,-0.07242794024826427,0.10751001197308119,-0.360218086106411,0.07242794024826425
c202236235762e1c871ad0ccb60c8ee5ba337b9a,original_minus_benign_replacement,benign_replacement,0.00541752411258456,0.0003964714044999429,0.012588171459576802,0.007108137772435019,0.00010203300767798289,-0.012588171459576775
