model,comparison,view,delta_accuracy,delta_precision,delta_recall,delta_f1,delta_fpr,delta_fnr
c202236235762e1c871ad0ccb60c8ee5ba337b9a,original_minus_mask_suspicious_cues,mask_suspicious_cues,0.24078947368421055,0.3223684210526315,-0.09999999999999998,0.15384615384615385,-0.6166666666666666,0.1
c202236235762e1c871ad0ccb60c8ee5ba337b9a,original_minus_benign_replacement,benign_replacement,0.05320512820512824,0.009868421052631526,0.1105263157894737,0.06593406593406603,0.0,-0.11052631578947367
