model,comparison,view,delta_accuracy,delta_precision,delta_recall,delta_f1,delta_fpr,delta_fnr
c202236235762e1c871ad0ccb60c8ee5ba337b9a,original_minus_mask_suspicious_cues,mask_suspicious_cues,0.14233576642335766,0.21341327384272168,-0.05232558139534882,0.09297898263783122,-0.47058823529411764,0.05232558139534883
c202236235762e1c871ad0ccb60c8ee5ba337b9a,original_minus_keywords_only,keywords_only,0.03649635036496357,0.019330941081143638,0.04069767441860461,0.030752581503359355,-0.029411764705882353,-0.040697674418604654
