model,view,n,accuracy,precision,recall,f1,fpr,fnr
c202236235762e1c871ad0ccb60c8ee5ba337b9a,keywords_only,10,0.9,0.8333333333333334,1.0,0.9090909090909091,0.2,0.0
c202236235762e1c871ad0ccb60c8ee5ba337b9a,mask_suspicious_cues,10,0.6,0.5555555555555556,1.0,0.7142857142857143,0.8,0.0
c202236235762e1c871ad0ccb60c8ee5ba337b9a,original,10,0.9,0.8333333333333334,1.0,0.9090909090909091,0.2,0.0
