model,view,n,accuracy,precision,recall,f1,fpr,fnr
c202236235762e1c871ad0ccb60c8ee5ba337b9a,benign_replacement,400,0.515,1.0,0.03,0.05825242718446602,0.0,0.97
c202236235762e1c871ad0ccb60c8ee5ba337b9a,mask_suspicious_cues,400,0.59,1.0,0.18,0.3050847457627119,0.0,0.82
c202236235762e1c871ad0ccb60c8ee5ba337b9a,original,400,0.5825,1.0,0.165,0.2832618025751073,0.0,0.835
